{
    "channels": {
        "1": {
            "waveFreq": 10000,
            "args": "",
            "rate": 50000000,
            "centerFreq": 52500000,
            "gain": 0,
            "waves": [
                {
                    "phase": 0.5555463447492667,
                    "freq": 0,
                    "amplitude": 0.2
                }
            ]
        },
        "0": {
            "waveFreq": 10000,
            "args": "",
            "rate": 50000000,
            "centerFreq": 52500000,
            "gain": 0,
            "waves": [
                {
                    "phase": 0.6460862143793548,
                    "freq": -1000000,
                    "amplitude": 0.2
                },
                {
                    "phase": 0.864701103219628,
                    "freq": 1000000,
                    "amplitude": 0.2
                }
            ]
        }
    }
}