{
  "channels": {
    "0": {
      "centerFreq": 52500000,
      "gain": 0,
      "rate": 50000000,
      "waveFreq": 10000,
      "args": "",
      "waves": [{
          "phase": 0.09010422140146945,
          "freq": -1000000,
          "amplitude": 0.2
        },
        {
          "phase": 0.48636945696610734,
          "freq": 1000000,
          "amplitude": 0.2
        }
      ]
    },
    "1": {
      "centerFreq": 52500000,
      "gain": 0,
      "rate": 50000000,
      "waveFreq": 10000,
      "args": "",
      "waves": [{
          "phase": 0.09010422140146945,
          "freq": -1000000,
          "amplitude": 0.2
        },
        {
          "phase": 0.48636945696610734,
          "freq": 1000000,
          "amplitude": 0.2
        }
      ]
    }
  }
}
